,Name,Website,Phone Number,LON,LAT,Rating,Popularity,Last 5 Reviews
0,Antica Biblioteca Valle,,+39 06 6813 6830,12.4751553,41.8969569,3.7,54,"[]Author: Claire Wood; Rating: 5; When: 3 years ago 
 Nice aperitivo, we were a big group and they closed off an area for us.  The staff were very kind and helpful.
 NEXT 
 
Author: Donald Barnard; Rating: 2; When: 2 years ago 
 Visited this restaurant at the recommendation of a tour guide in 2013, and the experience was unsatisfactory. The prices were high for the small amount and quality of food presented, the value of their introduction to olive oils was minimal; the waitress was rude, arrogant and combative. s. Our guide was ultimately able to extract a partial refund for us after a herculean battle with the apparently reborn spirit of the goddess Discordia. Several other diners in our group voiced the same concerns and complaints but our valiant guide had been gravely wounded from the battle on our behalf and in this weakened state was unable to prevail. We are visiting Rome again soon but will avoid Valle.
 NEXT 
 
Author: Edel Dominguez; Rating: 1; When: 3 years ago 
 My husband and I had dinner here on our 2nd night in Rome as we were staying right next door in Di Rienzo Pantheon Palace and the service was fine. On our 4th day we decided to have lunch and I requested for a sprite with ice as it was scorching hot in italy. I received the sprite but no ice. I kindly asked for it again, only to have the older lady with short curly hair to place the can of sprite on my hand and rudely told me 'see its cold' and walked off. My husband called over another waitress to request it again, to his dismay found the older waitress complaining aloud about our request. This is such a  disgusting display of customer service that we got up, paid for the drinks and left. We did complain to the manager who told us that the waitress was crazy.
 NEXT 
 
Author: Giovanni Borromeo; Rating: 2; When: 4 years ago 
 Unfortunately we are not there ...
The restaurant would like and perhaps could offer a lot but also because of the point where it is found that, even if very central it does not have an adequate tourist passage to be tried, it cannot give an adequate service. Big but always with a few tables occupied and this in my opinion affects the freshness and quality of the ingredients used. Friendly staff but all foreign decent dishes but nothing more prices even too low, in short I would not recommend it
 NEXT 
 
Author: Corrado Iannucci; Rating: 3; When: 4 years ago 
 Well. In the center of Rome, a place where you can have decent lunch without spending a fortune. Buffet lunch is very convenient. They are also open in the evening but I went there only for lunch.
 NEXT 
 
"
1,Gregory's Jazz club,http://www.gregorysjazz.com/,+39 351 645 7888,12.4852521,41.9043559,4.3,670,"[]Author: James; Rating: 5; When: 6 months ago 
 I'm sat here at my home in the UK under current COVID restrictions remembering a fantastic evening spent at Gregory's, it's what memories are made of. One of the best experiences of my life. You have won my heart. Thank you x
 NEXT 
 
Author: James Godbold; Rating: 5; When: a year ago 
 Really nice intimate venue. Friendly staff and some class acts. Seats are 'compact' so if you're big/tall perhaps request a table or the front row. You must book, otherwise you won't get in. We paid ‚Ç¨20 each and this includes a cocktail. The cocktails are really well made. Expect to pay around ‚Ç¨11 for a drink.
 NEXT 
 
Author: Magdalena Kossewska; Rating: 5; When: a year ago 
 Best espresso martinis I‚Äôve ever had!! Great place, great service!
 NEXT 
 
Author: Karina Marin; Rating: 3; When: a year ago 
 Quite pricey for what they offer
 NEXT 
 
Author: Karl David; Rating: 5; When: a year ago 
 Great place for some chill jazz music on a Wednesday night. The club is also an outstanding cocktail bar in its own right. Reasonable prices and would go again.
 NEXT 
 
"
2,Alexanderplatz Jazz Club,http://www.alexanderplatzjazz.com/,+39 06 8377 5604,12.453644,41.909107,4.3,312,"[]Author: Divan Hattingh; Rating: 5; When: 5 months ago 
 Beautiful place full of History. Good food great Jazz. (Making a booking is absolutely necessary)
 NEXT 
 
Author: Levent Parman; Rating: 4; When: 8 months ago 
 Jazz¬†is a¬†music genre¬†that originated in the¬†African-American¬†communities of¬†New Orleans, United States, in the late 19th and early 20th centuries, with its roots in¬†blues¬†and¬†ragtime.¬†Since the 1920s¬†Jazz Age, it has been recognized as a major form of musical expression in¬†traditional¬†and¬†popular music, linked by the common bonds of African-American and¬†European-American¬†musical parentage.¬†Jazz is characterized by¬†swing¬†and¬†blue notes,¬†call and response vocals,¬†polyrhythms¬†and¬†improvisation. Jazz has roots in¬†West African cultural and musical expression, and in¬†African-American music traditions.As jazz spread around the world, it drew on national, regional, and local musical cultures, which gave rise to different styles.¬†New Orleans jazz¬†began in the early 1910s, combining earlier brass-band marches, French¬†quadrilles,¬†biguine, ragtime and¬†blues¬†with collective¬†polyphonic¬†improvisation.
In the 1930s, heavily arranged dance-oriented¬†swing¬†big bands,¬†Kansas City jazz, a hard-swinging, bluesy, improvisational style and¬†Gypsy jazz¬†(a style that emphasized¬†musette¬†waltzes) were the prominent styles.¬†Bebop¬†emerged in the 1940s, shifting jazz from danceable popular music toward a more challenging ""musician's music"" which was played at faster tempos and used more chord-based improvisation.¬†Cool jazz¬†developed near the end of the 1940s, introducing calmer, smoother sounds and long, linear melodic lines.
The mid-1950s saw the emergence of¬†hard bop, which introduced influences from¬†rhythm and blues,¬†gospel, and blues, especially in the saxophone and piano playing.¬†Modal jazz¬†developed in the late 1950s, using the¬†mode, or musical scale, as the basis of musical structure and improvisation, as did¬†free jazz, which explored playing without regular meter, beat and formal structures.¬†Jazz-rock fusion¬†appeared in the late 1960s and early 1970s, combining jazz improvisation with¬†rock music's rhythms, electric instruments, and highly amplified stage sound. In the early 1980s, a commercial form of jazz fusion called¬†smooth jazz¬†became successful, garnering significant radio airplay. Other styles and genres abound in the 2000s, such as¬†Latin¬†and¬†Afro-Cuban jazz.
 NEXT 
 
Author: Cary Ota; Rating: 4; When: a year ago 
 Good music, but be ready to pay for the rest.
 NEXT 
 
Author: Paul Painter; Rating: 1; When: a year ago 
 Jazz Club with no Jazz.  We came here tonight and paid ‚Ç¨20 entrance each expecting a night of jazz and dinner.  Instead we got some kind of jazz performers talking on a microphone all night assumably about jazz.....but no jazz. We don't speak Italian....but that wasn't the point.  We had dinner that was very average....very salty and nothing special.  So we spent ‚Ç¨114 for.... nothing.  If you are a jazz club and you are not going to play any music please warn people before they come!!
 NEXT 
 
Author: Giorgio Bruschini; Rating: 5; When: a year ago 
 If you are searching for some live jazz music, this is one of the most famous place in Roma for this purpose. You can find live music every night and listen to very good musicians here.
 NEXT 
 
"
3,Etabl√¨,http://www.etabli.it/,+39 06 9761 6694,12.470511,41.899677,4.4,1067,"[]Author: Marcos M; Rating: 5; When: 3 months ago 
 Amazing food, great wine. This is Rome. Waitress recommended all of our food and I couldn‚Äôt be happier!
 NEXT 
 
Author: George Kolios; Rating: 5; When: a year ago 
 A warm place for every hour of the day in the center of Rome. Tasty food and a nice atmospheric bar. The waiters were very friendly and the service perfect. We will be back again‚Ä¶
 NEXT 
 
Author: Jeremy Holifield; Rating: 5; When: a year ago 
 exceptional cheese flavors and cooked perfectly.  The waiter recommended two pizzas, but one sufficed.  Highly recommend.
 NEXT 
 
Author: Alfonso Irnan; Rating: 5; When: a year ago 
 Great ambience for a few drinks or even for a dinner. The meals are good in quality, the selection of drinks is also excellent, with some cocktails to delight. Very advisable.
 NEXT 
 
Author: Benedict Hince; Rating: 4; When: a year ago 
 A really comfortable and warm place with good coffee. The comfy chairs really won me over, as did the interior design. I can't vouch for the food as I did not try anything.

But I'd be happy to recommend this place as a good meeting point to grab a coffee.
 NEXT 
 
"
4,Darkness club priv√®,,+39 06 8377 1876,12.4677432,41.8868883,3.3,6,"[]Author: LadyBsx Couple; Rating: 1; When: 2 years ago 
 we were twice the location is carin, but we do not feel at all well. We found people dressed badly of any kind and unfriendly staff. We did not like it.
 NEXT 
 
Author: Mary Ciafardini; Rating: 1; When: 2 years ago 
 
 NEXT 
 
Author: clo Lo; Rating: 5; When: 3 years ago 
 
 NEXT 
 
Author: Jacopo Patteri; Rating: 3; When: 2 years ago 
 
 NEXT 
 
Author: Andrea Baccelli; Rating: 5; When: 3 years ago 
 
 NEXT 
 
"
5,La Saletta,http://www.lasalettakaraoke.it/,+39 06 6889 1238,12.4701903,41.8998292,4.2,70,"[]Author: Lou Lowton; Rating: 5; When: a year ago 
 Best night ever in this little Roman gem!! Lots of locals enjoying wonderful Italian songs and plenty of English/American anthems. Were made so welcome! Fantastic venue - thanks for a lovely evening guys!!
 NEXT 
 
Author: Zeichenkohle; Rating: 5; When: a year ago 
 One of the best evenings I had in Rome!

Things started off slow, we registered to sing, got a little card and took some seats next to the wall.

The karaoke system is old school, and most of the songs are in italian--but there is a nice list of American songs as well.

We all toss the mic around from person to person, sing together, create makeshift duets. It was a magical experience, I felt like I was back in my old choir group.

The amount of joy in the atmosphere was amazing. I really felt like part of this little inclusive group of singers.
 NEXT 
 
Author: Suzana Caneca; Rating: 5; When: 2 years ago 
 Best karaoke in Rome! All the people there  are so nice, and fun! Loved the place!
 NEXT 
 
Author: Andres Jimenez Ayala; Rating: 2; When: 2 years ago 
 Too small and hot but good atmosphere
 NEXT 
 
Author: Riccardo Nappi; Rating: 1; When: a year ago 
 Very small, unorganized, and grumpy bartenders.
If you ask for a song expect someone else to sing it....
as they don‚Äôt call who asked for the song.
Left after 20minutes...
 NEXT 
 
"
6,Pandora Club,,+39 06 3975 4613,12.4501043,41.9146087,2.0,1,"[]Author: Giulio Ferrucci; Rating: 2; When: 8 years ago 
 It is worth very little
 NEXT 
 
"
7,Caf√® Notegen,https://lombradelleparole.wordpress.com/2016/07/10/caffe-notegen-roma-via-del-babuino-159-caffe-notegencronaca-di-una-morte-annunciata-la-societa-letteraria-di-fine-novecento-la-civilta-degli-incontri-letterari-e-delle-rivis/,+39 06 322 0648,12.4786185,41.9086849,4.0,1,"[]Author: Luca; Rating: 4; When: 4 years ago 
 
 NEXT 
 
"
8,Shari Vari - Play House,http://www.sharivari.it/,+39 06 6880 6936,12.4763618,41.8972311,3.7,1607,"[]Author: Kaleila; Rating: 5; When: a year ago 
 Went to it at night, very fun nightclub. The drinks here are strong, so proceed with caution! Would love to go here again the next time I'm in Rome
 NEXT 
 
Author: Trevor Spence; Rating: 3; When: a year ago 
 Good wee bar. Girls behind the bar are beautiful but they are more interested in lookin at themselves in the mirror rather than actually serving you. A bit much to be honest
 NEXT 
 
Author: Fatima Zahrae EL BARAKA; Rating: 5; When: a year ago 
 Nice cocktails and very good burgers! The club has 3 rooms and each one has her own style.. Overall it's a very nice place to eat and to party all night long at Rome
 NEXT 
 
Author: Prem Bassi; Rating: 2; When: a year ago 
 As far as clubs go it's one of the worst I've been to. We were told that hip hop was playing on the night however only we heard 4 songs. The drinks are also very expensive compared to other clubs in Rome. I personally do not recommend this place
 NEXT 
 
Author: Youcant Sitwithme; Rating: 1; When: a year ago 
 Worst experience ever!
I wanted to celebrate my birthday there.
My expectation was a good party with nice people.
Instead i got a club looking like a cellar full of people who only wanted to hear old italian pop.
Very loud music.
Ordering cocktails was a real torture. The bar was empty but the waitress was not interested in serving. She looked very arrogant and miserable. Barely she managed to mix two over expensive 'sex on the beach'. The glass was filled up with ice as much as possible and the rest of space with something that had a taste of bitter orange juice and cheap alcohol.
A terrible mix of something.
Best thing came as they closed the club very early and all the people had to wait for their jackets in a small room.
To keep it short: never ever EVER again. Waste of money and time.
 NEXT 
 
"
9,La Cabala,http://www.hdo.it/,+39 06 6830 1192,12.4723318,41.9019733,3.4,85,"[]Author: abigail garcia; Rating: 1; When: 3 years ago 
 Would not recommend going to this place if you are in Rome. Arrived around midnight, thinking this place would be starting up and instead was sent to the piano bar because the upstairs wasn't open yet. So we went to the empty piano bar, maybe three people in the whole bar. Decided to have a drink, when I asked for a menu they didn't have one, which I thought was pretty weird. Anywyas, bought two shots of tequila and it came out to 30‚Ç¨...so not worth it for that place.
 NEXT 
 
Author: Alexander Graf; Rating: 1; When: 5 years ago 
 First no menu, and then ridiculous 30 ‚Ç¨ for a Gin Tonic. The Ambient is definitely not that high class. This is just rip-off. Don't go there !
 NEXT 
 
Author: Oscar Andersson; Rating: 1; When: 2 years ago 
 They are not serious. They try to trick tourist to pay more and claim that its ‚Äùbecause of the service‚Äù. Beware!!!
 NEXT 
 
Author: EDOARDO MARCHETTI; Rating: 4; When: 4 years ago 
 Nice place, in a beautiful building in the center of Rome
 NEXT 
 
Author: Samuel Van der Stappen; Rating: 1; When: 3 years ago 
 Never seen an unfriendlier bouncer (seriously)
 NEXT 
 
"
10,Il Sigillo - Roma,,+39 06 8354 8349,12.4750572,41.9028129,5.0,6,"[]Author: Irene Bodio; Rating: 5; When: 3 years ago 
 VERY ORIGINAL premises. Evenings chic and devoted to fun. Members are people who love kindness, sophistication and beautiful evenings.
I highly recommend it
 NEXT 
 
Author: Antonio Melillo Melillo; Rating: 5; When: 3 years ago 
 Excellent cocktails, very kind welcome, very elegant place and in the center. Keep it up! Great!
 NEXT 
 
Author: Sara Scotellaro; Rating: 5; When: 2 years ago 
 amazing location ... too dark
 NEXT 
 
Author: umberto zagarola; Rating: 5; When: 3 years ago 
 
 NEXT 
 
Author: Andrea Cammilleri; Rating: 5; When: 4 years ago 
 
 NEXT 
 
"
11,the workshop of the artists,http://bottegadegliartisti.net/,+39 345 656 5977,12.4613719,41.90952639999999,4.8,47,"[]Author: Asma Benoun; Rating: 5; When: 3 years ago 
 Such a lovely cozy place, feeling comfortable, being your self, having great company, Lolla was professional, humble, and fun! It's original, vantage, lovely theatre
 NEXT 
 
Author: Midnight Martini; Rating: 5; When: 4 years ago 
 Quirky, cute, fun venue! Intimate and unique
 NEXT 
 
Author: paola valloni; Rating: 5; When: 3 years ago 
 Top
 NEXT 
 
Author: Carla Felli; Rating: 5; When: 2 years ago 
 The location is elegant and magical. The shows are unique and always innovative. The teachers of the courses are great. Absolutely to try !!
 NEXT 
 
Author: Luca Morgante; Rating: 5; When: 4 years ago 
 A beautiful and engaging show. Great interpreter, wise direction, refined and careful musical research. ""Rosy D'Altavilla. Love beyond time"" with Carmen Di Marzo, directed by Paolo Vanacore, original music by Alessandro Panetteri.
 NEXT 
 
"
12,Like,http://www.likeroma.it/,+39 06 687 9389,12.4763204,41.9004967,5.0,2,"[]Author: MarMatok; Rating: 5; When: 3 years ago 
 Quite a rare find: there are not many oyster bars in Rome, and the fact that Like is a part of Quinzi & Gabrieli restaurant assures that everything is as fresh as possible. If you have a chance try the oyster beer!
 NEXT 
 
Author: Oreste Foglia; Rating: 5; When: 4 years ago 
 
 NEXT 
 
"
13,Roma Beer Company - Campo de' Fiori,http://www.romabeercompany.it/,+39 06 6819 2721,12.4722989,41.8957931,4.0,264,"[]Author: Bal√°zs Krucs√≥; Rating: 5; When: 6 months ago 
 We took a beer and a prosecco there. Both of them were absolutely delightful and also we chatted a lot with the algerian waitress, whos has a very unique life story on Campo de‚Äô Fiori. Definitely recommend to get the place and drink a bit and talk with the employees. You will not regret it!
 NEXT 
 
Author: Enice Hampton; Rating: 5; When: 5 months ago 
 Great food, service and people watching!  We always made a point of coming back here at the end of our day to enjoy Wine, aperol
spritz and Fried Squid!
 NEXT 
 
Author: Rok Bergman; Rating: 3; When: 8 months ago 
 Good food and good beer selecetion.
 NEXT 
 
Author: Mr JoneZ; Rating: 5; When: 8 months ago 
 The food was very delicious and the waiters were very friendly. We recommend this place
 NEXT 
 
Author: Heloisa Lopes; Rating: 2; When: a year ago 
 We were attracted here during Happy Hour, I asked which beers were in Happy Hour, it was two. But they did not told us it was only 0,4L, so we asked 1L and it was not in Happy Hour, and we only discovered that while we were paying (they omitted the information, although I specifically asked which beers were included in Happy Hour). Besides that, they charged us for 2L of the beer that costs 14 euros, but we asked 1L of the 14 euros beer and 1L of the 12 euros beer. They subtracted the 2 euros, but complaining until the very end.
 NEXT 
 
"
14,NUR BAR,http://www.nurbar.net/,+39 331 421 3254,12.474981,41.897109,3.6,85,"[]Author: Fabrizio Maria Guidi; Rating: 5; When: 4 years ago 
 bella location
 NEXT 
 
Author: Lanciano Serena; Rating: 1; When: a year ago 
 We decided to celebrate my cousin's birthday .. But about an hour and a half ago we were literally thrown out because the police arrived for a check and it turned out that the place is not in order to be open after 2 am !!! I state that we paid the table ‚Ç¨ 30 !!!! The security service leaves a lot to be desired .. A boy pointed the laser in our eyes to tell us to go out, after I pointed it out to him for the third time and instead of apologizing he started verbally attacking me, not taking into account that I was a customer, much less a woman. I am horrified .. Needless to say, I will never set foot again !!! A star is too much !!!!
 NEXT 
 
Author: Giuseppe Fiordalisi; Rating: 2; When: a year ago 
 The glories of the past are a distant memory! Mediocre piano bar, old commercial house music ""attracts foreigners"", good cocktails (only positive note!). Once sold out rooms not open to the public. Such a pity
 NEXT 
 
Author: Marco Bassano; Rating: 3; When: 3 months ago 
 Fairly average
 NEXT 
 
Author: Francesco Giacobbi; Rating: 4; When: 2 years ago 
 Located in a manner appropriate to its type as close to Piazza Venezia, the interiors furnished with a luxury that does not exaggerate making pleasant stay for the eyes. Service bar managed in an excellent way even in the evenings where there is the open bar, spinning smooth the evening to enjoy a good glass of wine. The quality of the buffet offered and the live music is also remarkable, as is the sudden change of the evening from a formal evening with live music at the disco around one in the night to cover a wider range of people.
 NEXT 
 
"
15,The Vain Sheep Roma,,+39 06 4565 4985,12.4549887,41.9091781,1.8,15,"[]Author: Marcus Puccini; Rating: 1; When: 4 years ago 
 Overcharged by nearly double because I was a tourist. Rude staff, mediocre pizza. Lunch special was 12 EUR for pizza, coke and espresso. Got an extra espresso and the bill came to 29 EUR. Lots of hidden fees.

Do not waste your money or time here, there is too much good food in Rome. Eat at an honest restaurant.
 NEXT 
 
Author: maren biester; Rating: 1; When: 4 years ago 
 Horrible!!! Don't go here. Avoid it all together. Staff are super pushy and trying to sell you an ‚Ç¨11 bottle of wine for ‚Ç¨80. The food is super bla and I feel like I should go in the kitchen and teach them a thing or two about how to add flavor to a meal. Huge disappointment!
 NEXT 
 
Author: Nash Mixon; Rating: 1; When: 4 years ago 
 My first and worst meal in Rome.  Very pushy staff upsold us on everything. Tried to sell us items that were not on the menu, but luckily, we declined.  They did convince us to try a wine that turned out to be 38 euro on the bill.  Be very careful if you eat here.  Also, steak was tough and chewy.  Thankfully, we found many wonderful restaurants afterwards.
 NEXT 
 
Author: Mark Fisher; Rating: 1; When: 4 years ago 
 Avoid this rip off restaurant. They overcharged us at every level.  Charged ‚Ç¨4 for tap water, ‚Ç¨4 for bread we didn't order and didn't eat. Tried at every level to up sell other items on the menu.  We ended up being charged ‚Ç¨15 euros for an appetizer which would normally cost ‚Ç¨8 and paid ‚Ç¨8 for our seats...it was not even in a piazza or touristy area...total rip off...AVOID.
 NEXT 
 
Author: Billy Denise Dave; Rating: 1; When: 4 years ago 
 They overcharged us by 20 euro and were very pushy and rude staff. Go somewhere else
 NEXT 
 
"
16,Santa Maria Bistrot & Old Pub,http://www.santamariabistrot.com/,+39 06 8767 9930,12.4757501,41.8935403,4.3,554,"[]Author: P S; Rating: 4; When: 8 months ago 
 Nice pub with friendly bartender, the choice of beers is good considering they have draft Guiness üëåüèº
 NEXT 
 
Author: Petr Sob√≠≈°ek; Rating: 4; When: 5 months ago 
 Nice pub with friendly staff. Guinness and two or three Italian craft beers on tap. We came just for a beer and were satisfied.
 NEXT 
 
Author: Lauren McKinnon; Rating: 5; When: a year ago 
 We stopped in for a quick drink on our way to dinner.  Extensive drinks menu, reasonably priced too.  The venue itself is decorated very nicely, with a cosy welcoming atmosphere.  I had the Black Swan cocktail which was lovely, very strong so only managed the one!
 NEXT 
 
Author: vk; Rating: 5; When: 5 months ago 
 Tasty burgers, tasty snacks, delicious cocktails! Super atmosphere and cool music üòéüòä
 NEXT 
 
Author: Linn Ler√∏y; Rating: 4; When: a year ago 
 A nice place for lunch. We had the club sandwich with chicken and a Maria Vittoria pita. Both very good. Recommend.
 NEXT 
 
"
17,Teatro Centrale Roma,,+39 06 9432 3897,12.4788566,41.89541539999999,4.3,15,"[]Author: Zaccaria Darkangel; Rating: 5; When: a year ago 
 Amazing club, wonderful beats mad and a good vibe üëç
 NEXT 
 
Author: Riccardo Rosati; Rating: 5; When: a year ago 
 Beautiful location, small and cozy, with good acoustics. I've been here for a concert and I'm satisfied. There is an internal bar. Not suitable for a large influx of people but excellent for small concerts
 NEXT 
 
Author: Marco Dal Puppo; Rating: 5; When: a year ago 
 Renovated and elegant, welcoming stalls and stepped gallery suspended on the stage, stairways that evoke times gone by and quality content
 NEXT 
 
Author: Martina S.; Rating: 5; When: a year ago 
 Beautiful evening ... I recommend it!
 NEXT 
 
Author: Laura Pezone; Rating: 5; When: a year ago 
 Amazing place!!!
 NEXT 
 
"
18,Scholars Lounge Irish Pub,http://www.scholarsloungerome.com/,+39 06 6920 2208,12.4799183,41.8962487,4.4,4435,"[]Author: Anna Emese Cs√°kv√°ri; Rating: 5; When: 3 months ago 
 Amazing drinks with cool staff and great atmosphere, good music. Really enjoyed our night here with my Scottish friends. The prices are quite high, but it is Rome we are talking about.
 NEXT 
 
Author: Nele Van den Broeck; Rating: 5; When: 6 months ago 
 We went to this pub because we saw some marketing along the road, so I guess it really helps! The pub itself is big and has a very suited decoration setup. The small compartments are a nice feature, they devide the seating in a nice way. The waiters are really polite and helpful and respect social distancing. They have karaoke nights during the week, but unfortunately we weren't able to join. We can surely recommend a fresh pint of Guinness during the hot Italian days!
 NEXT 
 
Author: Dean Spiller; Rating: 5; When: 5 months ago 
 If there is sport on this is where you want to be. There are screens everywhere and there is tons of comfy seating. The beer is a little pricey, but it's pretty much what you pay for a beer anywhere in Rome, at least here you get to enjoy it in comfort, while watching your favourite team. And the food is excellent!
 NEXT 
 
Author: Orfeas Fella; Rating: 5; When: 6 months ago 
 Loved this place because it is a total sports pub. I was lucky to find place to watch the Europa League Final 2020 there as I was holidays in Rome.
Food is quite good. Service is excellent and staff really helpful and friendly.
I was unlucky because I didn't find place for Champions League 2020 Final.
So if you want to watch an important sports event is better to make reservation.
 NEXT 
 
Author: Taylor Chung; Rating: 4; When: 4 months ago 
 A buddy and I were looking for an irish pub to get a bite and a drink and came across this place. Wide open and good ambience, but the food was poor. Good bartenders and cozy atmosphere. Good wifi to boot.
 NEXT 
 
"
19,Rabbit Hole Club Roma,http://www.rabbitholeclubroma.it/,,12.4706659,41.89068080000001,3.4,93,"[]Author: Blanche Leroy; Rating: 1; When: a year ago 
 Horrible place to go out, misorganized, you have to sign a form to get in after waiting an hour for no obvious reason. I do not recommend at all!
 NEXT 
 
Author: Ruth Tacandong; Rating: 1; When: 2 years ago 
 Went shortly after it opened and stayed for an hour in hopes that the crowd would grow. Left because we realized that we were the only ones around as everyone left. 5$ cover charge isn't worth it. Music was hard to dance to and drinks were up to 20$; they also don't do any fancy shots. They also record your full name, birth date, and state you're from. Mandatory ID.

Would not recommend
 NEXT 
 
Author: Carlos Villavieja; Rating: 1; When: 3 years ago 
 Three room underground disco. 10 euros entrance that only includes bad alcohol, they asked for an  additional 7 euros for a good gin or whisky, total 17. ‚Ç¨. They don't serve quality alcohol,  probably fake brands, be careful.
 NEXT 
 
Author: Sophie Hartley; Rating: 2; When: 2 years ago 
 Thought it was a club. It was not. Nice bar, but not worth 15 euros entry
 NEXT 
 
Author: Dominic Mullen; Rating: 1; When: 3 years ago 
 went on a Friday night at midnight: no one was in the club. went back the same night at 2:30am and it was completely empty. not one person except for a couple in the smoke room
 NEXT 
 
"
20,Il Cantiere,https://m.facebook.com/pages/Il-cantiere/170845079607766,+39 06 589 9858,12.4737863,41.8900099,4.5,106,"[]Author: Fabio Marziali; Rating: 4; When: 3 years ago 
 Good place for jazz music and live concerts....it is kind of a youngsters association. Worth a visit if u like that kind of music
 NEXT 
 
Author: Ingel Marcellino; Rating: 5; When: 2 years ago 
 Many art forms, music, dance, theater... In Trastevere, maybe the last real Social-cultural place, now a days....
 NEXT 
 
Author: Danilo Nastasi (FaccioMusica); Rating: 5; When: a year ago 
 Good music, nice location and it feels like home.
 NEXT 
 
Author: arpo medical service arpo medical service; Rating: 4; When: a year ago 
 Notice that the mobile number is incorrect
 NEXT 
 
Author: Isabella Moroni; Rating: 5; When: a year ago 
 Already left a review, it's a place of the heart ... But they don't just make jazz. It's all to discover.
 NEXT 
 
"
